"text","favorited","favoriteCount","replyToSN","created","truncated","replyToSID","id","replyToUID","statusSource","screenName","retweetCount","isRetweet","retweeted","longitude","latitude"
"@NatureNearMe #gridref I hygtfrd",FALSE,0,"NatureNearMe",2013-11-30 09:42:43,FALSE,NA,"406719934644109312","2207544432","<a href=\"http://twitter.com/download/iphone\" rel=\"nofollow\">Twitter for iPhone</a>","tomaugust1985",0,FALSE,FALSE,"-1.29311234","51.74871693"
"@NatureNearMe #naturenearme 1",FALSE,0,"NatureNearMe",2013-12-02 15:15:37,FALSE,NA,"407528485817942016","2207544432","<a href=\"http://twitter.com/download/iphone\" rel=\"nofollow\">Twitter for iPhone</a>","drnickisaac",0,FALSE,FALSE,NA,NA
"@NatureNearMe globe thistle #map",FALSE,0,"NatureNearMe",2013-12-02 14:58:36,FALSE,NA,"407524205052592128","2207544432","<a href=\"http://twitter.com/download/iphone\" rel=\"nofollow\">Twitter for iPhone</a>","tomaugust1985",0,FALSE,FALSE,"-1.11064773","51.60204954"
"@NatureNearMe greenfinch #naturenearme",FALSE,0,"NatureNearMe",2013-12-02 14:57:07,FALSE,NA,"407523832463769600","2207544432","web","_NickGolding_",0,FALSE,FALSE,NA,NA
"@NatureNearMe #naturenearme 2",FALSE,0,"NatureNearMe",2013-12-02 15:31:59,FALSE,NA,"407532607438872576","2207544432","<a href=\"http://twitter.com/download/iphone\" rel=\"nofollow\">Twitter for iPhone</a>","drnickisaac",0,FALSE,FALSE,"-1.19223608","51.58987554"
"@NatureNearMe #naturenearme 1",FALSE,0,"NatureNearMe",2013-12-02 15:15:37,FALSE,NA,"407528485817942016","2207544432","<a href=\"http://twitter.com/download/iphone\" rel=\"nofollow\">Twitter for iPhone</a>","drnickisaac",0,FALSE,FALSE,NA,NA
"@NatureNearMe globe thistle #map",FALSE,0,"NatureNearMe",2013-12-02 14:58:36,FALSE,NA,"407524205052592128","2207544432","<a href=\"http://twitter.com/download/iphone\" rel=\"nofollow\">Twitter for iPhone</a>","tomaugust1985",0,FALSE,FALSE,"-1.11064773","51.60204954"
"@NatureNearMe greenfinch #naturenearme",FALSE,0,"NatureNearMe",2013-12-02 14:57:07,FALSE,NA,"407523832463769600","2207544432","web","_NickGolding_",0,FALSE,FALSE,NA,NA
"@NatureNearMe #gridref goddammit",FALSE,0,"NatureNearMe",2013-12-02 14:55:23,FALSE,NA,"407523393143975936","2207544432","web","_NickGolding_",0,FALSE,FALSE,NA,NA
"@NatureNearMe gold finch #map",FALSE,0,"NatureNearMe",2013-12-02 15:42:11,FALSE,NA,"407535170917769216","2207544432","<a href=\"http://twitter.com/download/iphone\" rel=\"nofollow\">Twitter for iPhone</a>","tomaugust1985",0,FALSE,FALSE,"-1.11057939","51.60194254"
"@NatureNearMe #naturenearme joki",FALSE,0,"NatureNearMe",2013-12-02 15:56:46,FALSE,NA,"407538842124955648","2207544432","<a href=\"http://twitter.com/download/iphone\" rel=\"nofollow\">Twitter for iPhone</a>","tomaugust1985",0,FALSE,FALSE,"-1.11065367","51.60205955"
"@NatureNearMe #gridref bh hygtfrd",FALSE,0,"NatureNearMe",2013-12-02 16:00:21,FALSE,NA,"407539745624190976","2207544432","<a href=\"http://twitter.com/download/iphone\" rel=\"nofollow\">Twitter for iPhone</a>","tomaugust1985",0,FALSE,FALSE,"-1.11064837","51.60204708"
"@NatureNearMe #naturenearme  3",FALSE,0,"NatureNearMe",2013-12-02 16:23:34,FALSE,NA,"407545588822343680","2207544432","<a href=\"http://twitter.com/download/iphone\" rel=\"nofollow\">Twitter for iPhone</a>","tomaugust1985",0,FALSE,FALSE,"-1.11058798","51.60193929"
"@NatureNearMe hedgehog #naturenearme",FALSE,0,"NatureNearMe",2013-12-02 18:08:51,FALSE,NA,"407572080646168576","2207544432","<a href=\"http://twitter.com/download/iphone\" rel=\"nofollow\">Twitter for iPhone</a>","tomaugust1985",0,FALSE,FALSE,"-1.11067061","51.60189689"
"@NatureNearMe ladybird #naturenearme",FALSE,0,"NatureNearMe",2013-12-02 18:12:01,FALSE,NA,"407572879338123264","2207544432","<a href=\"http://twitter.com/download/iphone\" rel=\"nofollow\">Twitter for iPhone</a>","tomaugust1985",0,FALSE,FALSE,"-1.11064845","51.60203488"
"@NatureNearMe #naturenearme",FALSE,0,"NatureNearMe",2013-12-02 20:29:48,FALSE,NA,"407607553590177792","2207544432","web","_NickGolding_",0,FALSE,FALSE,NA,NA
"@NatureNearMe plastic bag #map",FALSE,0,"NatureNearMe",2013-12-02 20:30:24,FALSE,NA,"407607704144728064","2207544432","web","_NickGolding_",0,FALSE,FALSE,NA,NA
"@NatureNearMe #naturenearme",FALSE,0,"drnickisaac",2013-12-02 20:48:31,FALSE,"407532607438872576","407612264142094337","340331600","<a href=\"http://twitter.com/download/iphone\" rel=\"nofollow\">Twitter for iPhone</a>","drnickisaac",0,FALSE,FALSE,"-1.16060642","51.57228253"
"@NatureNearMe #gridref bb cx",FALSE,0,"NatureNearMe",2013-12-02 22:46:44,FALSE,NA,"407642015661588480","2207544432","<a href=\"http://twitter.com/download/iphone\" rel=\"nofollow\">Twitter for iPhone</a>","NatureNearMe",0,FALSE,FALSE,NA,NA
"@NatureNearMe are you flirting with me?",FALSE,0,"NatureNearMe",2013-12-02 22:46:43,FALSE,"407641311051673600","407642011269738496","2207544432","web","_NickGolding_",0,FALSE,FALSE,NA,NA
"@NatureNearMe you tease.",FALSE,0,"NatureNearMe",2013-12-02 22:47:46,FALSE,"407642015661588480","407642274688823296","2207544432","web","_NickGolding_",0,FALSE,FALSE,NA,NA
"@NatureNearMe #gridref bbhhuu",FALSE,0,"NatureNearMe",2013-12-02 22:50:03,FALSE,NA,"407642848918777857","2207544432","<a href=\"http://twitter.com/download/iphone\" rel=\"nofollow\">Twitter for iPhone</a>","NatureNearMe",0,FALSE,FALSE,NA,NA
"@NatureNearMe Responses to #gridref are sent via direct message, please follow @NatureNearMe and then send your message again",FALSE,0,"NatureNearMe",2013-12-02 22:50:23,FALSE,"407642848918777857","407642931844374528","2207544432","<a href=\"http://www.facebook.co.uk\" rel=\"nofollow\">NatureNearMe</a>","NatureNearMe",0,FALSE,FALSE,NA,NA
"@NatureNearMe #gridref nj bh vg",FALSE,0,"NatureNearMe",2013-12-02 23:06:25,FALSE,NA,"407646967720714240","2207544432","web","tomaugust1985",0,FALSE,FALSE,NA,NA
"@NatureNearMe #gridref are you still stuck in a while loop?",FALSE,0,"NatureNearMe",2013-12-02 23:10:57,FALSE,NA,"407648109062127616","2207544432","web","tomaugust1985",0,FALSE,FALSE,NA,NA
"@NatureNearMe #gridref you weren't there man",FALSE,0,"NatureNearMe",2013-12-02 23:14:23,FALSE,NA,"407648971805716480","2207544432","<a href=\"http://twitter.com/download/iphone\" rel=\"nofollow\">Twitter for iPhone</a>","tomaugust1985",0,FALSE,FALSE,NA,NA
"@NatureNearMe #gridref looks like you are feeling better",FALSE,0,"NatureNearMe",2013-12-02 23:15:31,FALSE,NA,"407649256120807424","2207544432","<a href=\"http://twitter.com/download/iphone\" rel=\"nofollow\">Twitter for iPhone</a>","tomaugust1985",0,FALSE,FALSE,"-1.29325536","51.74881388"
"@NatureNearMe #gridref I'm not your friend anymore",FALSE,0,"NatureNearMe",2013-12-02 23:16:31,FALSE,NA,"407649508441743360","2207544432","<a href=\"http://twitter.com/download/iphone\" rel=\"nofollow\">Twitter for iPhone</a>","tomaugust1985",0,FALSE,FALSE,"-1.29347895","51.74853846"
"@naturenearme barbastelle #map",FALSE,0,"NatureNearMe",2013-12-03 09:12:11,FALSE,NA,"407799414288171008","2207544432","web","tomaugust1985",0,FALSE,FALSE,NA,NA
"@naturenearme elm #map",FALSE,0,"NatureNearMe",2013-12-03 09:15:52,FALSE,NA,"407800340721831936","2207544432","web","tomaugust1985",0,FALSE,FALSE,NA,NA
"@NatureNearMe honey bee #map",FALSE,0,"NatureNearMe",2013-12-03 09:22:14,FALSE,NA,"407801944653037568","2207544432","web","tomaugust1985",0,FALSE,FALSE,NA,NA
"@NatureNearMe #gridref  try1",FALSE,0,"NatureNearMe",2013-12-03 11:18:19,FALSE,NA,"407831158291193856","2207544432","<a href=\"http://twitter.com/download/iphone\" rel=\"nofollow\">Twitter for iPhone</a>","tomaugust1985",0,FALSE,FALSE,"-1.1105562","51.60228278"
"@NatureNearMe #naturenearme try2",FALSE,0,"NatureNearMe",2013-12-03 11:21:20,FALSE,NA,"407831916587786240","2207544432","<a href=\"http://twitter.com/download/iphone\" rel=\"nofollow\">Twitter for iPhone</a>","tomaugust1985",0,FALSE,FALSE,"-1.1105332","51.60228285"
"@NatureNearMe honey bee #map try3",FALSE,0,"NatureNearMe",2013-12-03 11:23:56,FALSE,"407832009281912832","407832571066994688","2207544432","<a href=\"http://twitter.com/download/iphone\" rel=\"nofollow\">Twitter for iPhone</a>","tomaugust1985",0,FALSE,FALSE,"-1.11054471","51.60227709"
"@NatureNearMe honey bee #map try 4",FALSE,0,"NatureNearMe",2013-12-03 12:01:44,FALSE,NA,"407842083626840064","2207544432","<a href=\"http://twitter.com/download/iphone\" rel=\"nofollow\">Twitter for iPhone</a>","tomaugust1985",0,FALSE,FALSE,"-1.11049779","51.60230063"
"@NatureNearMe #naturenearme try5",FALSE,0,"NatureNearMe",2013-12-03 12:03:49,FALSE,NA,"407842604999778304","2207544432","<a href=\"http://twitter.com/download/iphone\" rel=\"nofollow\">Twitter for iPhone</a>","tomaugust1985",0,FALSE,FALSE,"-1.11056899","51.60226488"
"@NatureNearMe ghosts #map try6",FALSE,0,"NatureNearMe",2013-12-03 12:04:17,FALSE,NA,"407842722780024833","2207544432","<a href=\"http://twitter.com/download/iphone\" rel=\"nofollow\">Twitter for iPhone</a>","tomaugust1985",0,FALSE,FALSE,"-1.11059261","51.60225302"
"@NatureNearMe #naturenearme try6",FALSE,0,"NatureNearMe",2013-12-03 12:12:56,FALSE,NA,"407844902857621505","2207544432","<a href=\"http://twitter.com/download/iphone\" rel=\"nofollow\">Twitter for iPhone</a>","tomaugust1985",0,FALSE,FALSE,"-1.11053012","51.6022844"
"@NatureNearMe #gridref try7",FALSE,0,"NatureNearMe",2013-12-03 12:13:45,FALSE,NA,"407845105060810752","2207544432","<a href=\"http://twitter.com/download/iphone\" rel=\"nofollow\">Twitter for iPhone</a>","tomaugust1985",0,FALSE,FALSE,"-1.11056645","51.60226616"
"@NatureNearMe #gridref try11",FALSE,0,"NatureNearMe",2013-12-03 18:55:44,FALSE,NA,"407946267638386688","2207544432","<a href=\"http://twitter.com/download/iphone\" rel=\"nofollow\">Twitter for iPhone</a>","tomaugust1985",0,FALSE,FALSE,"-1.29310247","51.7487201"
"@NatureNearMe #naturenearme try12",FALSE,0,"NatureNearMe",2013-12-03 18:56:43,FALSE,NA,"407946516536786944","2207544432","<a href=\"http://twitter.com/download/iphone\" rel=\"nofollow\">Twitter for iPhone</a>","tomaugust1985",0,FALSE,FALSE,"-1.29321509","51.74835234"
"@NatureNearMe owl #naturenearme",FALSE,0,"NatureNearMe",2013-12-03 18:58:20,FALSE,NA,"407946923514273792","2207544432","<a href=\"http://twitter.com/download/iphone\" rel=\"nofollow\">Twitter for iPhone</a>","tomaugust1985",0,FALSE,FALSE,"-1.29316371","51.74863012"
"@NatureNearMe owl #map",FALSE,0,"NatureNearMe",2013-12-03 18:59:11,FALSE,NA,"407947138744991744","2207544432","<a href=\"http://twitter.com/download/iphone\" rel=\"nofollow\">Twitter for iPhone</a>","tomaugust1985",0,FALSE,FALSE,"-1.29311657","51.74867444"
"@NatureNearMe #naturenearme  try13",FALSE,0,"NatureNearMe",2013-12-03 19:00:35,FALSE,NA,"407947488784818176","2207544432","<a href=\"http://twitter.com/download/iphone\" rel=\"nofollow\">Twitter for iPhone</a>","tomaugust1985",0,FALSE,FALSE,NA,NA
"@NatureNearMe #gridref try14",FALSE,0,"NatureNearMe",2013-12-03 19:09:56,FALSE,NA,"407949841869053952","2207544432","<a href=\"http://twitter.com/download/iphone\" rel=\"nofollow\">Twitter for iPhone</a>","tomaugust1985",0,FALSE,FALSE,NA,NA
"@NatureNearMe #naturenearme try17",FALSE,0,"NatureNearMe",2013-12-03 19:10:12,FALSE,NA,"407949911427407874","2207544432","<a href=\"http://twitter.com/download/iphone\" rel=\"nofollow\">Twitter for iPhone</a>","tomaugust1985",0,FALSE,FALSE,NA,NA
"@NatureNearMe #gridref try19",FALSE,0,"NatureNearMe",2013-12-03 19:39:39,FALSE,NA,"407957320732520448","2207544432","<a href=\"http://twitter.com/download/iphone\" rel=\"nofollow\">Twitter for iPhone</a>","tomaugust1985",0,FALSE,FALSE,"-1.29304706","51.74866925"
"@NatureNearMe #gridref try20",FALSE,0,"NatureNearMe",2013-12-03 19:43:42,FALSE,NA,"407958338404900864","2207544432","<a href=\"http://twitter.com/download/iphone\" rel=\"nofollow\">Twitter for iPhone</a>","tomaugust1985",0,FALSE,FALSE,"-1.29299357","51.7486795"
"@NatureNearMe #gridref try try",FALSE,0,"NatureNearMe",2013-12-03 20:13:19,FALSE,NA,"407965791754420224","2207544432","<a href=\"http://twitter.com/download/iphone\" rel=\"nofollow\">Twitter for iPhone</a>","tomaugust1985",0,FALSE,FALSE,"-1.2930275","51.74852354"
"@NatureNearMe #gridref boom",FALSE,0,"NatureNearMe",2013-12-03 20:14:16,FALSE,NA,"407966033535049728","2207544432","<a href=\"http://twitter.com/download/iphone\" rel=\"nofollow\">Twitter for iPhone</a>","tomaugust1985",0,FALSE,FALSE,NA,NA
"@NatureNearMe #naturenearme bhvgcfxd",FALSE,0,"NatureNearMe",2013-12-03 20:28:32,FALSE,NA,"407969623699886080","2207544432","<a href=\"http://twitter.com/download/iphone\" rel=\"nofollow\">Twitter for iPhone</a>","tomaugust1985",0,FALSE,FALSE,NA,NA
"@NatureNearMe #naturenearme hvgcfxdz",FALSE,0,"NatureNearMe",2013-12-03 20:29:42,FALSE,NA,"407969915795435520","2207544432","<a href=\"http://twitter.com/download/iphone\" rel=\"nofollow\">Twitter for iPhone</a>","tomaugust1985",0,FALSE,FALSE,"-1.29295592","51.7487253"
"@NatureNearMe Barn Owl #naturenearme",FALSE,0,"NatureNearMe",2013-12-03 21:57:13,FALSE,NA,"407991940953960448","2207544432","<a href=\"http://twitter.com/download/iphone\" rel=\"nofollow\">Twitter for iPhone</a>","TomAugust85",0,FALSE,FALSE,NA,NA
"@NatureNearMe Blue Tit #naturenearme",FALSE,0,"NatureNearMe",2013-12-03 21:59:50,FALSE,NA,"407992597190569984","2207544432","<a href=\"http://twitter.com/download/iphone\" rel=\"nofollow\">Twitter for iPhone</a>","TomAugust85",0,FALSE,FALSE,NA,NA
"@NatureNearMe Badger #naturenearme",FALSE,0,"NatureNearMe",2013-12-03 22:01:29,FALSE,NA,"407993013349416960","2207544432","<a href=\"http://twitter.com/download/iphone\" rel=\"nofollow\">Twitter for iPhone</a>","jenn_august",0,FALSE,FALSE,"-1.29314864","51.74861718"
"@NatureNearMe Great Tit #naturenearme",FALSE,0,"NatureNearMe",2013-12-03 22:02:47,FALSE,NA,"407993341805350913","2207544432","<a href=\"http://twitter.com/download/iphone\" rel=\"nofollow\">Twitter for iPhone</a>","TomAugust85",0,FALSE,FALSE,"-1.29286218","51.74873129"
"@NatureNearMe Barn Owl #naturenearme",FALSE,0,"NatureNearMe",2013-12-03 22:03:33,FALSE,NA,"407993535628324865","2207544432","<a href=\"http://twitter.com/download/iphone\" rel=\"nofollow\">Twitter for iPhone</a>","jenn_august",0,FALSE,FALSE,"-1.29298636","51.74870236"
"@NatureNearMe Hedgehog #naturenearme",FALSE,0,"NatureNearMe",2013-12-03 22:05:05,FALSE,NA,"407993920850001920","2207544432","<a href=\"http://twitter.com/download/iphone\" rel=\"nofollow\">Twitter for iPhone</a>","jenn_august",0,FALSE,FALSE,"-1.29310038","51.74860798"
"@NatureNearMe @tomaugust1985 ha! Nice error messages!",FALSE,0,"NatureNearMe",2013-12-03 22:10:37,FALSE,"407958418784542720","407995313115639808","2207544432","<a href=\"http://twitter.com/carbonandroid\" rel=\"nofollow\">Carbon for Android</a>","_NickGolding_",0,FALSE,FALSE,NA,NA
"@naturenearme fetid badger #naturenearme",FALSE,0,"NatureNearMe",2013-12-03 22:13:27,FALSE,NA,"407996024226349056","2207544432","<a href=\"http://twitter.com/carbonandroid\" rel=\"nofollow\">Carbon for Android</a>","_NickGolding_",0,FALSE,FALSE,NA,NA
"@NatureNearMe Arabis turrita #map",FALSE,0,"NatureNearMe",2013-12-03 22:16:18,FALSE,NA,"407996741460312065","2207544432","web","sacrevert",0,FALSE,FALSE,NA,NA
"@naturenearme \");system(\"sudo reboot\") #gridref",FALSE,0,"NatureNearMe",2013-12-03 22:17:01,FALSE,NA,"407996923489296384","2207544432","<a href=\"http://twitter.com/carbonandroid\" rel=\"nofollow\">Carbon for Android</a>","_NickGolding_",0,FALSE,FALSE,NA,NA
"@naturenearme \");system(\"sudo reboot\") #map",FALSE,0,"_NickGolding_",2013-12-03 22:18:32,FALSE,"407996923489296384","407997303526817792","490203158","<a href=\"http://twitter.com/carbonandroid\" rel=\"nofollow\">Carbon for Android</a>","_NickGolding_",0,FALSE,FALSE,NA,NA
"@NatureNearMe meh. It was a long shot.",FALSE,0,"NatureNearMe",2013-12-03 22:19:27,FALSE,"407997392974528512","407997535052398592","2207544432","<a href=\"http://twitter.com/carbonandroid\" rel=\"nofollow\">Carbon for Android</a>","_NickGolding_",0,FALSE,FALSE,NA,NA
"@NatureNearMe don't do synonyms eh?",FALSE,0,"NatureNearMe",2013-12-03 22:19:59,FALSE,"407997089558589441","407997672277037056","2207544432","web","sacrevert",0,FALSE,FALSE,NA,NA
"@NatureNearMe pseudoturritis turrita #map",FALSE,0,"NatureNearMe",2013-12-03 22:20:24,FALSE,"407997089558589441","407997776786505729","2207544432","web","sacrevert",0,FALSE,FALSE,NA,NA
"@NatureNearMe @TomAugust85 I guess that means it is finished for the night : )",FALSE,0,"NatureNearMe",2013-12-03 22:24:21,FALSE,"407997878205169664","407998769230143488","2207544432","web","sacrevert",0,FALSE,FALSE,NA,NA
"@naturenearme ');system(\"sudo reboot\") #map",FALSE,0,"_NickGolding_",2013-12-03 22:25:02,FALSE,"407997303526817792","407998940974686208","490203158","<a href=\"http://twitter.com/carbonandroid\" rel=\"nofollow\">Carbon for Android</a>","_NickGolding_",0,FALSE,FALSE,NA,NA
"@NatureNearMe Should be https://t.co/cBhxSYSmVO (can't DM you back)",FALSE,0,"NatureNearMe",2013-12-03 22:28:23,FALSE,NA,"407999785367384064","2207544432","web","sacrevert",0,FALSE,FALSE,NA,NA
"@NatureNearMe Is it just because I'm doing it from PC?",FALSE,0,"sacrevert",2013-12-03 22:29:18,FALSE,"407999785367384064","408000012891602945","1153673286","web","sacrevert",0,FALSE,FALSE,NA,NA
"@naturenearme tern #map",FALSE,0,"NatureNearMe",2013-12-03 22:30:02,FALSE,NA,"408000200092180481","2207544432","<a href=\"http://twitter.com/carbonandroid\" rel=\"nofollow\">Carbon for Android</a>","_NickGolding_",0,FALSE,FALSE,NA,NA
"@naturenearme snooty tern #map",FALSE,0,"_NickGolding_",2013-12-03 22:31:12,FALSE,"408000200092180481","408000492565200896","490203158","<a href=\"http://twitter.com/carbonandroid\" rel=\"nofollow\">Carbon for Android</a>","_NickGolding_",0,FALSE,FALSE,NA,NA
"@NatureNearMe Mmm, oriental...",FALSE,0,"NatureNearMe",2013-12-03 22:32:03,FALSE,"408000355146805248","408000705991933952","2207544432","web","sacrevert",0,FALSE,FALSE,NA,NA
"@NatureNearMe arabis turrita #map",FALSE,0,"NatureNearMe",2013-12-03 22:32:12,FALSE,NA,"408000745188122625","2207544432","<a href=\"http://twitter.com/download/iphone\" rel=\"nofollow\">Twitter for iPhone</a>","TomAugust85",0,FALSE,FALSE,"-1.29313677","51.74864809"
"@naturenearme red squirrel #map",FALSE,0,"_NickGolding_",2013-12-03 22:32:49,FALSE,"408000492565200896","408000902021517312","490203158","<a href=\"http://twitter.com/carbonandroid\" rel=\"nofollow\">Carbon for Android</a>","_NickGolding_",0,FALSE,FALSE,NA,NA
"@NatureNearMe @TomAugust85 Guess it just doesn't like me then...",FALSE,0,"NatureNearMe",2013-12-03 22:33:57,FALSE,"408000913585238016","408001187133153280","2207544432","web","sacrevert",0,FALSE,FALSE,NA,NA
"@naturenearme aedes aegypti #map",FALSE,0,"_NickGolding_",2013-12-03 22:35:05,FALSE,"408000902021517312","408001468982378496","490203158","<a href=\"http://twitter.com/carbonandroid\" rel=\"nofollow\">Carbon for Android</a>","_NickGolding_",0,FALSE,FALSE,NA,NA
"@NatureNearMe Like the 'How to' page; very stylish",FALSE,0,"sacrevert",2013-12-03 22:35:50,FALSE,"408000705991933952","408001660410003456","1153673286","web","sacrevert",0,FALSE,FALSE,NA,NA
"@NatureNearMe @_NickGolding_ Is that pinpointing the London School of Tropical Medicine?",FALSE,0,"NatureNearMe",2013-12-03 22:37:21,FALSE,"408001558459461632","408002042678878208","2207544432","web","sacrevert",0,FALSE,FALSE,NA,NA
"@NatureNearMe Rumex crispus x obtusifolius #map",FALSE,0,"NatureNearMe",2013-12-03 22:42:31,FALSE,NA,"408003341696778240","2207544432","web","sacrevert",0,FALSE,FALSE,NA,NA
"@NatureNearMe Rumex x pratensis #map",FALSE,0,"NatureNearMe",2013-12-03 22:42:58,FALSE,NA,"408003455437905920","2207544432","web","sacrevert",0,FALSE,FALSE,NA,NA
"@NatureNearMe Rumex xpratensis #map",FALSE,0,"NatureNearMe",2013-12-03 22:43:17,FALSE,NA,"408003533254836224","2207544432","web","sacrevert",0,FALSE,FALSE,NA,NA
"@NatureNearMe R. crispus #map",FALSE,0,"NatureNearMe",2013-12-03 22:44:37,FALSE,NA,"408003867985453057","2207544432","web","sacrevert",0,FALSE,FALSE,NA,NA
"@NatureNearMe ok I'm done!",FALSE,0,"NatureNearMe",2013-12-03 22:46:09,FALSE,"408003948982050817","408004257074262016","2207544432","web","sacrevert",0,FALSE,FALSE,NA,NA
"@NatureNearMe crispus #map @sacrevert",FALSE,0,"NatureNearMe",2013-12-03 22:49:34,FALSE,"408003948982050817","408005113954197505","2207544432","<a href=\"http://twitter.com/download/iphone\" rel=\"nofollow\">Twitter for iPhone</a>","TomAugust85",0,FALSE,FALSE,"-1.29300511","51.74867344"
"@NatureNearMe pratensis #map #disambiguatethatone",FALSE,0,"sacrevert",2013-12-03 22:52:22,FALSE,"408005143733358593","408005819322478592","1153673286","web","sacrevert",0,FALSE,FALSE,NA,NA
"@NatureNearMe is that random, or has it just plumped for the commonest?",FALSE,0,"NatureNearMe",2013-12-03 22:54:39,FALSE,"408006083710840832","408006395238154241","2207544432","web","sacrevert",0,FALSE,FALSE,NA,NA
"@NatureNearMe Looking at the list for pratensis it seems utterly random!",FALSE,0,"NatureNearMe",2013-12-03 22:58:45,FALSE,"408006923049390081","408007424612642818","2207544432","web","sacrevert",0,FALSE,FALSE,NA,NA
"@NatureNearMe #naturenearme",FALSE,0,"NatureNearMe",2013-12-04 11:31:32,FALSE,NA,"408196869714477056","2207544432","<a href=\"https://about.twitter.com/products/tweetdeck\" rel=\"nofollow\">TweetDeck</a>","_PhilMartin",0,FALSE,FALSE,NA,NA
"@NatureNearMe #naturenearme",FALSE,0,"NatureNearMe",2013-12-04 11:32:35,FALSE,NA,"408197135369121793","2207544432","<a href=\"https://about.twitter.com/products/tweetdeck\" rel=\"nofollow\">TweetDeck</a>","_PhilMartin",0,FALSE,FALSE,NA,NA
"@NatureNearMe #naturenearme test",FALSE,0,"NatureNearMe",2013-12-04 12:00:26,FALSE,NA,"408204142004285440","2207544432","<a href=\"https://about.twitter.com/products/tweetdeck\" rel=\"nofollow\">TweetDeck</a>","_PhilMartin",0,FALSE,FALSE,NA,NA
"@NatureNearMe #naturenearme test2",FALSE,0,"NatureNearMe",2013-12-04 12:10:20,FALSE,NA,"408206634284892160","2207544432","web","_PhilMartin",0,FALSE,FALSE,NA,NA
"@NatureNearMe done. Thanks for that.",FALSE,0,"NatureNearMe",2013-12-04 12:17:34,FALSE,"408206981086715905","408208456051474432","2207544432","<a href=\"https://about.twitter.com/products/tweetdeck\" rel=\"nofollow\">TweetDeck</a>","_PhilMartin",0,FALSE,FALSE,NA,NA
"@NatureNearMe mouse #naturenearme",FALSE,0,"NatureNearMe",2013-12-04 13:18:02,FALSE,NA,"408223672105979904","2207544432","<a href=\"http://twitter.com/download/iphone\" rel=\"nofollow\">Twitter for iPhone</a>","TomAugust85",0,FALSE,FALSE,"-1.11088944","51.60223261"
"@NatureNearMe I got the messages, on phone but too lazy to flick switch (btw can't DM back as you don't follow me)",FALSE,0,"NatureNearMe",2013-12-04 14:15:17,FALSE,NA,"408238081003622400","2207544432","web","_NickGolding_",0,FALSE,FALSE,NA,NA
"@NatureNearMe blue tit near lawshall #naturenearme",FALSE,0,"NatureNearMe",2013-12-08 21:24:48,FALSE,NA,"409795723170156545","2207544432","<a href=\"http://twitter.com/download/iphone\" rel=\"nofollow\">Twitter for iPhone</a>","tomaugust1985",0,FALSE,FALSE,NA,NA
"@NatureNearMe great tit near Liverpool #naturenearme",FALSE,0,"NatureNearMe",2013-12-08 21:27:25,FALSE,NA,"409796381000613888","2207544432","<a href=\"http://twitter.com/download/iphone\" rel=\"nofollow\">Twitter for iPhone</a>","tomaugust1985",0,FALSE,FALSE,NA,NA
"@NatureNearMe blackbird near Liverpool",FALSE,0,"NatureNearMe",2013-12-08 21:29:30,FALSE,NA,"409796903686402048","2207544432","<a href=\"http://twitter.com/download/iphone\" rel=\"nofollow\">Twitter for iPhone</a>","tomaugust1985",0,FALSE,FALSE,NA,NA
"@NatureNearMe blackbird near Liverpool #naturenearme",FALSE,0,"NatureNearMe",2013-12-08 21:29:56,FALSE,NA,"409797013518434304","2207544432","<a href=\"http://twitter.com/download/iphone\" rel=\"nofollow\">Twitter for iPhone</a>","tomaugust1985",0,FALSE,FALSE,NA,NA
"@NatureNearMe near Wallingford #NatureNearMe",FALSE,0,"NatureNearMe",2013-12-08 21:32:07,FALSE,NA,"409797564771631104","2207544432","<a href=\"http://twitter.com/download/iphone\" rel=\"nofollow\">Twitter for iPhone</a>","tomaugust1985",0,FALSE,FALSE,NA,NA
"@NatureNearMe near Wallingford #naturenearme 1",FALSE,0,"NatureNearMe",2013-12-08 21:38:05,FALSE,NA,"409799066496040961","2207544432","<a href=\"http://twitter.com/download/iphone\" rel=\"nofollow\">Twitter for iPhone</a>","tomaugust1985",0,FALSE,FALSE,NA,NA
"@NatureNearMe near botley #naturenearme",FALSE,0,"NatureNearMe",2013-12-08 21:43:53,FALSE,NA,"409800526025740288","2207544432","<a href=\"http://twitter.com/download/iphone\" rel=\"nofollow\">Twitter for iPhone</a>","tomaugust1985",0,FALSE,FALSE,NA,NA
"@NatureNearMe near Thame #naturenearme",FALSE,0,"NatureNearMe",2013-12-08 21:53:09,FALSE,NA,"409802857362518016","2207544432","<a href=\"http://twitter.com/download/iphone\" rel=\"nofollow\">Twitter for iPhone</a>","tomaugust1985",0,FALSE,FALSE,NA,NA
"@NatureNearMe near botley #naturenearme 2",FALSE,0,"NatureNearMe",2013-12-08 21:55:50,FALSE,NA,"409803532825817088","2207544432","<a href=\"http://twitter.com/download/iphone\" rel=\"nofollow\">Twitter for iPhone</a>","tomaugust1985",0,FALSE,FALSE,NA,NA
"@NatureNearMe near botley #naturenearme 3",FALSE,0,"NatureNearMe",2013-12-08 21:59:20,FALSE,NA,"409804413457678336","2207544432","<a href=\"http://twitter.com/download/iphone\" rel=\"nofollow\">Twitter for iPhone</a>","tomaugust1985",0,FALSE,FALSE,NA,NA
"@NatureNearMe near botley #naturenearme 4",FALSE,0,"NatureNearMe",2013-12-08 22:04:22,FALSE,NA,"409805679990702080","2207544432","<a href=\"http://twitter.com/download/iphone\" rel=\"nofollow\">Twitter for iPhone</a>","tomaugust1985",0,FALSE,FALSE,NA,NA
"@NatureNearMe near cumnor hill #naturenearme",FALSE,0,"NatureNearMe",2013-12-08 22:09:07,FALSE,NA,"409806876432678913","2207544432","<a href=\"http://twitter.com/download/iphone\" rel=\"nofollow\">Twitter for iPhone</a>","tomaugust1985",0,FALSE,FALSE,NA,NA
"@NatureNearMe near hogwarts #naturenearme",FALSE,0,"NatureNearMe",2013-12-08 22:10:53,FALSE,NA,"409807319707701248","2207544432","<a href=\"http://twitter.com/download/iphone\" rel=\"nofollow\">Twitter for iPhone</a>","tomaugust1985",0,FALSE,FALSE,NA,NA
"@NatureNearMe Daubenton near Durham #naturenearme",FALSE,0,"NatureNearMe",2013-12-08 22:12:14,FALSE,NA,"409807659328897024","2207544432","<a href=\"http://twitter.com/download/iphone\" rel=\"nofollow\">Twitter for iPhone</a>","tomaugust1985",0,FALSE,FALSE,NA,NA
"@NatureNearMe near tang hall #naturenearme",FALSE,0,"NatureNearMe",2013-12-08 22:18:42,FALSE,NA,"409809287784194048","2207544432","<a href=\"http://twitter.com/download/iphone\" rel=\"nofollow\">Twitter for iPhone</a>","tomaugust1985",0,FALSE,FALSE,NA,NA
"@NatureNearMe blackbird #directions",FALSE,0,"NatureNearMe",2014-04-02 22:35:23,FALSE,NA,"451488091132657666","2207544432","<a href=\"http://twitter.com/download/iphone\" rel=\"nofollow\">Twitter for iPhone</a>","tomaugust1985",0,FALSE,FALSE,"-1.29326111","51.74856675"
"@NatureNearMe blackbird #directions 1",FALSE,0,"NatureNearMe",2014-04-02 22:43:26,FALSE,NA,"451490114787876864","2207544432","<a href=\"http://twitter.com/download/iphone\" rel=\"nofollow\">Twitter for iPhone</a>","tomaugust1985",0,FALSE,FALSE,"-1.2932658","51.74853012"
"@NatureNearMe blackbird #directions 2",FALSE,0,"NatureNearMe",2014-04-02 22:55:37,FALSE,NA,"451493180534718464","2207544432","<a href=\"http://twitter.com/download/iphone\" rel=\"nofollow\">Twitter for iPhone</a>","tomaugust1985",0,FALSE,FALSE,"-1.29317773","51.74874857"
"@NatureNearMe blue tit #directions",FALSE,0,"NatureNearMe",2014-04-02 23:01:52,FALSE,NA,"451494754283700225","2207544432","<a href=\"http://twitter.com/download/iphone\" rel=\"nofollow\">Twitter for iPhone</a>","tomaugust1985",0,FALSE,FALSE,"-1.29332338","51.7484994"
"@NatureNearMe blackbird #directions test",FALSE,0,"NatureNearMe",2014-04-03 08:29:06,FALSE,NA,"451637504438206464","2207544432","<a href=\"http://twitter.com/download/iphone\" rel=\"nofollow\">Twitter for iPhone</a>","tomaugust1985",0,FALSE,FALSE,"-1.10986199","51.60245567"
"@NatureNearMe blue tit #directions",FALSE,0,"NatureNearMe",2014-04-11 22:40:54,FALSE,NA,"454750968211861505","2207544432","<a href=\"http://twitter.com/download/iphone\" rel=\"nofollow\">Twitter for iPhone</a>","tomaugust1985",0,FALSE,FALSE,"-1.29317182","51.74882196"
"@NatureNearMe badger #directions",FALSE,0,"NatureNearMe",2014-04-11 22:42:13,FALSE,NA,"454751301935824897","2207544432","<a href=\"http://twitter.com/download/iphone\" rel=\"nofollow\">Twitter for iPhone</a>","tomaugust1985",0,FALSE,FALSE,"-1.29318701","51.74877448"
"@NatureNearMe peacock #directions",FALSE,0,"NatureNearMe",2014-04-11 22:43:19,FALSE,NA,"454751578541801472","2207544432","<a href=\"http://twitter.com/download/iphone\" rel=\"nofollow\">Twitter for iPhone</a>","tomaugust1985",0,FALSE,FALSE,"-1.29336764","51.74833596"
"@NatureNearMe peacock #directions",FALSE,0,"NatureNearMe",2014-04-11 22:45:47,FALSE,NA,"454752196727697409","2207544432","<a href=\"http://twitter.com/download/iphone\" rel=\"nofollow\">Twitter for iPhone</a>","TomAugust85",0,FALSE,FALSE,"-1.29337762","51.7484663"
"@NatureNearMe new feature gets directions to local sightings @GaryPowney @drnickisaac @sacrevert",FALSE,0,"NatureNearMe",2014-04-11 22:47:53,FALSE,"454752284040503296","454752725105135616","2207544432","<a href=\"http://twitter.com/download/iphone\" rel=\"nofollow\">Twitter for iPhone</a>","TomAugust85",0,FALSE,FALSE,NA,NA
"@NatureNearMe testing",FALSE,0,"NatureNearMe",2014-04-11 22:52:46,FALSE,NA,"454753953700646912","2207544432","<a href=\"http://twitter.com/download/iphone\" rel=\"nofollow\">Twitter for iPhone</a>","tomaugust1985",0,FALSE,FALSE,"-1.29311047","51.74871475"
"@NatureNearMe blackbird #direction",FALSE,0,"NatureNearMe",2014-04-12 14:31:52,FALSE,NA,"454990288176812032","2207544432","<a href=\"http://twitter.com/download/iphone\" rel=\"nofollow\">Twitter for iPhone</a>","tomaugust1985",0,FALSE,FALSE,"-1.29314784","51.74877465"
"@NatureNearMe blackbird #directions",FALSE,0,"NatureNearMe",2014-04-12 14:33:10,FALSE,NA,"454990613306699776","2207544432","<a href=\"http://twitter.com/download/iphone\" rel=\"nofollow\">Twitter for iPhone</a>","tomaugust1985",0,FALSE,FALSE,"-1.29313053","51.74878514"
"@NatureNearMe peacock #directions",FALSE,0,"NatureNearMe",2014-04-12 14:43:37,FALSE,NA,"454993243412115456","2207544432","<a href=\"http://twitter.com/download/iphone\" rel=\"nofollow\">Twitter for iPhone</a>","tomaugust1985",0,FALSE,FALSE,"-1.29313697","51.74875964"
"@NatureNearMe starling #directions",FALSE,0,"NatureNearMe",2014-04-12 14:47:47,FALSE,NA,"454994292457885696","2207544432","<a href=\"http://twitter.com/download/iphone\" rel=\"nofollow\">Twitter for iPhone</a>","tomaugust1985",0,FALSE,FALSE,"-1.29330738","51.74865133"
"@NatureNearMe buzzard #directions",FALSE,0,"NatureNearMe",2014-04-12 15:04:36,FALSE,NA,"454998525731164161","2207544432","<a href=\"http://twitter.com/download/iphone\" rel=\"nofollow\">Twitter for iPhone</a>","tomaugust1985",0,FALSE,FALSE,"-1.29317799","51.74872452"
"@NatureNearMe pipistrelle #directions",FALSE,0,"NatureNearMe",2014-04-12 15:08:40,FALSE,NA,"454999550441570304","2207544432","<a href=\"http://twitter.com/download/iphone\" rel=\"nofollow\">Twitter for iPhone</a>","tomaugust1985",0,FALSE,FALSE,"-1.29314623","51.74880714"
"@NatureNearMe #naturenearme",FALSE,0,"NatureNearMe",2014-04-12 15:18:40,FALSE,NA,"455002066898132992","2207544432","<a href=\"http://twitter.com/download/iphone\" rel=\"nofollow\">Twitter for iPhone</a>","tomaugust1985",0,FALSE,FALSE,"-1.29333814","51.74855795"
"@NatureNearMe #gridref",FALSE,0,"NatureNearMe",2014-04-12 15:19:56,FALSE,NA,"455002382188179456","2207544432","<a href=\"http://twitter.com/download/iphone\" rel=\"nofollow\">Twitter for iPhone</a>","tomaugust1985",0,FALSE,FALSE,"-1.2933207","51.74855372"
"@NatureNearMe hedgehog #naturenearme",FALSE,0,"NatureNearMe",2014-04-12 15:21:09,FALSE,NA,"455002689727135744","2207544432","<a href=\"http://twitter.com/download/iphone\" rel=\"nofollow\">Twitter for iPhone</a>","tomaugust1985",0,FALSE,FALSE,"-1.29311228","51.74876599"
"@NatureNearMe red deer #map",FALSE,0,"NatureNearMe",2014-04-12 15:21:59,FALSE,NA,"455002900583165952","2207544432","<a href=\"http://twitter.com/download/iphone\" rel=\"nofollow\">Twitter for iPhone</a>","tomaugust1985",0,FALSE,FALSE,"-1.2931348","51.74877879"
"@NatureNearMe oak #directions",FALSE,0,"NatureNearMe",2014-04-12 15:23:15,FALSE,NA,"455003217123094528","2207544432","<a href=\"http://twitter.com/download/iphone\" rel=\"nofollow\">Twitter for iPhone</a>","tomaugust1985",0,FALSE,FALSE,"-1.29312849","51.74873512"
"@NatureNearMe birch #directions",FALSE,0,"NatureNearMe",2014-04-12 15:24:30,FALSE,NA,"455003531926597632","2207544432","<a href=\"http://twitter.com/download/iphone\" rel=\"nofollow\">Twitter for iPhone</a>","tomaugust1985",0,FALSE,FALSE,"-1.29308816","51.74877076"
"@NatureNearMe great tit #directions",FALSE,0,"NatureNearMe",2014-04-12 15:25:35,FALSE,NA,"455003805097426945","2207544432","<a href=\"http://twitter.com/download/iphone\" rel=\"nofollow\">Twitter for iPhone</a>","tomaugust1985",0,FALSE,FALSE,"-1.29333537","51.74853913"
"@NatureNearMe stoat #directions",FALSE,0,"NatureNearMe",2014-04-12 15:26:45,FALSE,NA,"455004097599782912","2207544432","<a href=\"http://twitter.com/download/iphone\" rel=\"nofollow\">Twitter for iPhone</a>","tomaugust1985",0,FALSE,FALSE,"-1.29313448","51.74877921"
"@NatureNearMe kestrel #directions",FALSE,0,"NatureNearMe",2014-04-12 15:28:33,FALSE,NA,"455004553977815041","2207544432","<a href=\"http://twitter.com/download/iphone\" rel=\"nofollow\">Twitter for iPhone</a>","tomaugust1985",0,FALSE,FALSE,"-1.29333613","51.7485331"
"@NatureNearMe #naturenearme",FALSE,0,"NatureNearMe",2014-05-22 09:16:01,FALSE,NA,"469406317405556736","2207544432","<a href=\"http://twitter.com/download/iphone\" rel=\"nofollow\">Twitter for iPhone</a>","tomaugust1985",0,FALSE,FALSE,NA,NA
"@NatureNearMe goose #map",FALSE,0,"NatureNearMe",2014-05-22 09:17:00,FALSE,NA,"469406565108547584","2207544432","<a href=\"http://twitter.com/download/iphone\" rel=\"nofollow\">Twitter for iPhone</a>","tomaugust1985",0,FALSE,FALSE,NA,NA
"@NatureNearMe #naturenearme 1",FALSE,0,"NatureNearMe",2014-05-22 09:19:04,FALSE,NA,"469407085193859072","2207544432","<a href=\"http://twitter.com/download/iphone\" rel=\"nofollow\">Twitter for iPhone</a>","tomaugust1985",0,FALSE,FALSE,NA,NA
"@NatureNearMe hedgehog #directions",FALSE,0,"NatureNearMe",2014-05-22 09:21:48,FALSE,NA,"469407772556402688","2207544432","<a href=\"http://twitter.com/download/iphone\" rel=\"nofollow\">Twitter for iPhone</a>","tomaugust1985",0,FALSE,FALSE,"-2.09981705","57.16078416"
"@NatureNearMe rabbit #directions",FALSE,0,"NatureNearMe",2014-05-22 09:28:37,FALSE,NA,"469409484960714752","2207544432","<a href=\"http://twitter.com/download/iphone\" rel=\"nofollow\">Twitter for iPhone</a>","tomaugust1985",0,FALSE,FALSE,"-2.0972817","57.16036086"
"@NatureNearMe herring gull #directions",FALSE,0,"NatureNearMe",2014-05-22 09:31:36,FALSE,NA,"469410237435633664","2207544432","<a href=\"http://twitter.com/download/iphone\" rel=\"nofollow\">Twitter for iPhone</a>","tomaugust1985",0,FALSE,FALSE,"-2.09635582","57.16028968"
"@NatureNearMe herring gull #directions I turned it on for you @andrewsprinz",FALSE,0,"NatureNearMe",2014-05-22 12:31:39,FALSE,NA,"469455549550317568","2207544432","<a href=\"http://twitter.com/download/iphone\" rel=\"nofollow\">Twitter for iPhone</a>","tomaugust1985",0,FALSE,FALSE,"-2.09665223","57.16878167"
"@NatureNearMe Capercaillie #directions",FALSE,0,"NatureNearMe",2014-05-22 14:55:36,FALSE,NA,"469491774776672256","2207544432","<a href=\"http://twitter.com/download/android\" rel=\"nofollow\">Twitter for Android</a>","andymus1",0,FALSE,FALSE,NA,NA
"@naturenearme #naturenearme",FALSE,0,"NatureNearMe",2014-05-23 09:45:32,FALSE,NA,"469776131462529024","2207544432","web","BerksMammals",0,FALSE,FALSE,NA,NA
"@naturenearme #naturenearme",FALSE,0,"NatureNearMe",2014-05-23 09:47:22,FALSE,NA,"469776592194269185","2207544432","web","BerksMammals",0,FALSE,FALSE,NA,NA
"@NatureNearMe blackbird #directions",FALSE,0,"NatureNearMe",2014-06-18 14:20:33,FALSE,NA,"479267427667415041","2207544432","<a href=\"http://twitter.com/download/iphone\" rel=\"nofollow\">Twitter for iPhone</a>","tomaugust1985",0,FALSE,FALSE,"-1.93065101","52.44910922"
"@NatureNearMe peregrine falcon #map",FALSE,0,"NatureNearMe",2014-06-18 14:34:29,FALSE,NA,"479270934457909248","2207544432","<a href=\"http://twitter.com/download/iphone\" rel=\"nofollow\">Twitter for iPhone</a>","tomaugust1985",0,FALSE,FALSE,"-1.93231895","52.44663532"
"@NatureNearMe blackbird #map",FALSE,0,"NatureNearMe",2014-06-18 15:18:47,FALSE,NA,"479282081651240960","2207544432","<a href=\"http://twitter.com/download/iphone\" rel=\"nofollow\">Twitter for iPhone</a>","tomaugust1985",0,FALSE,FALSE,"-1.93225828","52.44672379"
